id,source,website,building_type,building,address,vacancy_rate,household_size,Pct_Single_Family,Pct_Attached_SF,Pct_MF_2_to_4,Pct_MF_5_Plus,Pct_Emp_Office_Svc,Pct_Educ_Svc,Pct_Medical_Svc,Pct_Public_Admin,Pct_Retail_Svc,Pct_Restaurant,Pct_Accommodation,Pct_Arts_Entertainment,Pct_Other_Svc,Pct_Manufacturing,Pct_Transport_warehouse,Pct_Wholesale,Pct_Construction_Util,Pct_Agriculture,Pct_Extraction,Pct_Military,percent_of_building_type,lot_size_square_feet,floors,total_far,residential_efficiency,square_feet_per_du,retail_efficiency,retail_square_feet_per_employee,office_efficiency,office_square_feet_per_employee,industrial_efficiency,industrial_square_feet_per_employee,average_parking_space_square_feet,surface_parking_spaces,above_ground_structured_parking_spaces,below_ground_structured_parking_spaces,building_footprint_square_feet,surface_parking_square_feet,hardscape_other_square_feet,irrigated_softscape_square_feet,nonirrigated_softscape_square_feet,irrigated_percent,id
1,0,http://en.wikipedia.org/wiki/181_Fremont_Street,Skyscraper Mixed Use,Skyscraper Mixed Use (181 Fremont Street),"181 Fremont St. San Francisco, CA",0.06,1.61,0,0,0,0.33,0.67,0,0,0,0,0,0,0,0,0,0,0,0,0,0,0,0.3,26600,54,28,0.85,1900,0.85,475,0.85,250,0.85,1000,330,0,677,0,13792.59,0,9570,3237.407407,0,1,11
2,0,http://en.wikipedia.org/wiki/Encinal_Tower,Skyscraper Mixed Use,Skyscraper Mixed Use (Encinal Tower),"Oakland, CA",0.06,1.92,0,0,0,0.45,0.5,0,0,0,0.03,0,0,0,0.02,0,0,0,0,0,0,0,0.3,40000,56,37,0.85,2735,0.85,475,0.85,350,0.85,1000,330,0,1007,0,26428.57,0,8120.83,5450.598571,0,1,12
3,0,http://www.johnhancockcenterchicago.com/Index3.htm,Skyscraper Mixed Use,Skyscraper Mixed Use (John Hancock Center),"Chicago, IL",0.06,1.82,0,0,0,0.6,0.34,0,0,0,0.03,0,0,0,0.03,0,0,0,0,0,0,0,0.4,79000,100,35,0.85,1950,0.85,550,0.85,250,0.85,1000,330,0,295,0,27650,0,26136,25214,0,1,13
6,0,http://thevisionaire.com/,High-Rise Mixed Use,High-Rise Mixed (Visionaire),"New York, NY",0.06,2.07,0,0,0,0.92,0.08,0,0,0,0,0,0,0,0,0,0,0,0,0,0,0,0.05,44000,35,9.6,0.72,1164,1,475,1,300,0.85,1000,330,0,136,0,12068.57,0,15930.51,16000.91857,0,1,26
9,0,http://en.wikipedia.org/wiki/LUMINA,High-Rise Mixed Use,High-Rise Mixed (201 Folsom),"201 Folsom St. San Francisco, CA",0.06,2.07,0,0,0,0.97,0,0,0,0,0.01,0,0,0.01,0.01,0,0,0,0,0,0,0,0.17,43560,40,11.78,0.85,1016,0.85,475,0.85,250,0.85,1000,330,0,418,0,12828.42,0,13307.58,17424,0,1,29
10,0,http://www.atwaterplace.com/,High-Rise Mixed Use,High-Rise Mixed (Atwater Place),"Portland, OR",0.06,1.61,0,0,0,0.97,0,0,0,0,0.02,0,0,0,0.01,0,0,0,0,0,0,0,0.28,80000,23,6.85,0.85,1310,0.85,475,0.85,250,0.85,1000,330,0,294,0,23826.09,0,23143.62,33030.29304,0,1,210
11,GGLO,,High-Rise Mixed Use,High-Rise Mixed (1),"601 4th Ave, Seattle WA",0.06,1.94,0,0,0,0.22,0.74,0,0,0,0.02,0,0,0,0.02,0,0,0,0,0,0,0,0.5,57000,39,15.35,0.85,1020,0.85,550,0.85,250,0.85,1000,0,0,0,0,22434.62,0,18898.34,15667.04462,0,1,211
13,0,,Mid-Rise Mixed Use,Mid-Rise Mixed (2),"937 Glisan, Portland OR",0.06,1.84,0,0,0,0.93,0,0,0,0,0.03,0,0,0.03,0.01,0,0,0,0,0,0,0,0.2,1470,16,9.06,0.85,1268,0.85,475,0.85,300,0.85,1000,330,0,248,0,832.39,0,500,137.6125,0,1,313
14,0,,Mid-Rise Mixed Use,Mid-Rise Mixed (The Edge),"Portland, OR",0.06,1.84,0,0,0,0.57,0.31,0,0,0,0.04,0.01,0,0.06,0.01,0,0,0,0,0,0,0,0.4,51700,11,7.07,0.85,1100,0.85,550,0.85,300,0.85,1000,330,0,223,0,33229,0,15562.8,2908.2,0,1,314
15,0,,Mid-Rise Mixed Use,Mid-Rise Mixed (The Gregory Lofts),"Portland, OR",0.06,1.84,0,0,0,0.84,0.1,0,0,0,0.03,0,0,0.03,0,0,0,0,0,0,0,0,0.4,40000,12,7.38,0.85,1450,0.85,475,0.85,300,0.85,1000,330,0,223,0,24600,0,14592.6,807.4,0,1,315
17,0,,Low-Rise Mixed Use,Low-Rise Mixed (Museum Place),"Portland, OR",0.06,1.85,0,0,0,0.7,0,0,0,0,0.12,0.02,0,0.15,0.01,0,0,0,0,0,0,0,0.36,40000,8,4,0.79,786,0.83,550,0.85,300,0.85,1000,330,0,239,0,20000,0,11979,8021,0,1,417
18,PK,,Low-Rise Mixed Use,Low-Rise Mixed (Gaia Building),"Berkeley, CA",0.06,1.61,0,0,0,0.87,0,0,0,0,0.05,0.02,0,0.03,0.03,0,0,0,0,0,0,0,0.02,13000,7,5.7,0.85,627,0.85,475,0.85,300,0.85,1000,330,0,139,0,10585.71,0,2000,414.2857143,0,1,418
19,0,,Low-Rise Mixed Use,Low-Rise Mixed (Fine Arts),"Berkeley, CA",0.06,2.25,0,0,0,0.9,0,0,0,0,0.04,0.01,0,0.04,0.01,0,0,0,0,0,0,0,0.02,22932,8,5,0.85,600,0.85,475,0.85,300,0.85,1000,330,0,108,0,14332.5,0,8000,599.5,0,1,419
20,0,,Low-Rise Mixed Use,Low-Rise Mixed (East End Gateway),"Sacramento, CA",0.06,2.25,0,0,0,0.93,0,0,0,0,0.03,0,0,0,0.03,0,0,0,0,0,0,0,0.02,24750,8,2,0.85,714,0.85,475,0.85,300,0.85,1000,330,50,,0,6187.5,16500,1000,1062.5,0,1,420
21,GGLO,,Low-Rise Mixed Use,Low-Rise Mixed (Site 17),"Seattle, WA",0.06,2.25,0,0,0,0.98,0,0,0,0,0.01,0,0,0.01,0.01,0,0,0,0,0,0,0,0.02,27600,7,4.61,0.85,860,0.85,475,0.85,300,0.85,1000,330,0,198,0,18176.57,0,5000,4423.428571,0,1,421
22,GGLO,,Low-Rise Mixed Use,Low-Rise Mixed (Alcyone),"Seattle, WA",0.06,2.25,0,0,0,0.99,0,0,0,0,0,0,0,0,0,0,0,0,0,0,0,0,0.02,30000,7,4.14,0.85,784,0.85,475,0.85,300,0.85,1000,330,0,196,0,17742.86,0,10000,2257.142857,0,1,422
23,HM,http://www.newcalapartments.com/,Low-Rise Mixed Use,Low-Rise Mixed (New Californian),"1885 University Ave Berkeley, CA",0.06,2.25,0,0,0,0.9,0,0,0,0,0.04,0.01,0,0.02,0.03,0,0,0,0,0,0,0,0.02,24000,5,2.5,0.85,712,0.85,550,0.85,300,0.85,1000,330,0,154,0,12000,0,4356,7644,0,1,423
24,PK,,Low-Rise Mixed Use,Low-Rise Mixed (Touriel Bldg),"Berkeley, CA",0.06,2.25,0,0,0,0.94,0,0,0,0,0.03,0,0,0.01,0.02,0,0,0,0,0,0,0,0.02,6800,5,3.44,0.85,600,0.85,475,0.85,300,0.85,1000,330,0,46,0,4678.4,0,2000,121.6,0,1,424
26,0,,Low-Rise Mixed Use,Low-Rise Mixed (Stone Way Apts),"Seattle, WA",0.06,1.57,0,0,0,0.9,0,0,0,0,0.04,0.01,0,0,0.05,0,0,0,0,0,0,0,0.2,18000,4,2.43,0.85,830,0.85,475,0.85,300,0.85,1000,330,0,155,0,10935,0,6000,1065,0,1,426
27,0,,Low-Rise Mixed Use,Low-Rise Mixed (200 Second Street),"Oakland, CA",0.06,1.85,0,0,0,0.89,0,0,0,0,0.04,0.01,0,0,0.05,0,0,0,0,0,0,0,0.05,14500,6,3.75,0.85,770,0.85,475,0.85,300,0.85,1000,330,0,178,0,9062.5,0,5000,437.5,0,1,427
28,0,,Low-Rise Mixed Use,Low-Rise Mixed (Cabrini First Hill Apts),"Seattle, WA",0.06,1.85,0,0,0,0.85,0,0,0,0,0.06,0.01,0,0.01,0.07,0,0,0,0,0,0,0,0.05,14500,6,3.51,0.85,690,0.85,475,0.85,300,0.85,1000,330,0,110,0,8482.5,0,4500,1517.5,0,1,428
29,0,,Low-Rise Mixed Use,Low-Rise Mixed (Kinsey Flats),"Cincinnati, OH",0.06,1.59,0,0,0,0.76,0,0,0,0,0.1,0.02,0,0.01,0.12,0,0,0,0,0,0,0,0.15,6500,4,3.5,0.86,1100,0.85,450,0.85,300,0.85,1000,330,0,132,0,5687.5,0,500,312.5,0,1,429
30,0,,Low-Rise Mixed Use,Low-Rise Mixed (Shattuck Lofts),"Berkeley, CA",0.06,2.25,0,0,0,0.9,0,0,0,0,0.04,0.01,0,0.02,0.03,0,0,0,0,0,0,0,0.05,6500,4,3.7,0.85,750,0.85,475,0.85,300,0.85,1000,330,0,241,0,6012.5,0,0,487.5,0,1,430
31,0,,Parking Structure/Mixed Use,Parking Structure/Mixed Use (Fahrenheit Condos/Petco Parkade),"San Diego, CA",0.06,1.84,0,0,0,0.2,0,0,0,0,0.21,0.04,0,0,0.55,0,0,0,0,0,0,0,0.4,67725,4,2.8,0.85,1200,0.85,1000,0.85,525,0.85,1000,330,0,45,0,47407.5,0,0,18285.75,2031.75,0.9,531
32,0,,Parking Structure/Mixed Use,Parking Structure/Mixed Use (2),,0.06,1.84,0,0,0,0.5,0,0,0,0,0.21,0.03,0,0.02,0.24,0,0,0,0,0,0,0,0.35,7117,5,2.6,0.85,1500,0.85,1000,0.85,350,0.85,1000,330,0,86,0,3700.84,0,0,3074.544,341.616,0.9,532
33,0,,Parking Structure/Mixed Use,Parking Structure/Mixed Use (3),,0.06,1.84,0,0,0,0.5,0,0,0,0,0.21,0.03,0,0.02,0.24,0,0,0,0,0,0,0,0.25,6956,6,3.5,0.85,1800,0.85,1000,0.95,350,0.85,1000,330,0,105,0,4057.67,0,0,2608.5,289.8333333,0.9,533
37,0,,Main Street Commercial/MU High (3-5 Floors),Main Street Commercial/MU (1),"3400 Cesar Chavez St San Francisco, CA",0.06,1.84,0,0,0,0.81,0,0,0,0,0.08,0.01,0,0.02,0.08,0,0,0,0,0,0,0,0.1,20230,4,2.83,0.85,1000,0.97,450,0.95,300,0.85,1000,330,0,131,0,14312.73,0,5000,825.5475,91.7275,0.9,637
38,0,,Main Street Commercial/MU High (3-5 Floors),Main Street Commercial/MU (Belmont Dairy),"Portland, OR",0.06,1.84,0,0,0,0.78,0,0,0,0,0.08,0.02,0,0.1,0.02,0,0,0,0,0,0,0,0.2,63000,5,2.2,0.78,710,0.93,450,0.95,300,0.85,1000,330,1,7,0,27720,330,2302.19,29383.029,3264.781,0.9,638
39,0,,Main Street Commercial/MU High (3-5 Floors),Main Street Commercial/MU (Venice Renaissance),"Venice, CA",0.06,1.61,0,0,0,0.77,0,0,0,0,0.09,0.02,0,0.06,0.06,0,0,0,0,0,0,0,0.1,63600,4,1.9,0.96,1101,0.87,425,0.95,300,0.85,1000,330,0,295,0,30210,0,9801,21230.1,2358.9,0.9,639
40,0,,Main Street Commercial/MU High (3-5 Floors),Main Street Commercial/MU (International Place),"Harrisburg, PN",0.06,2.11,0,0,0,0.69,0,0,0,0,0.13,0.02,0,0.08,0.08,0,0,0,0,0,0,0,0.4,5000,3,2.5,0.58,373,1,450,0.95,300,0.85,1000,330,0,13,0,4166.67,0,44.44,710.004,78.88933333,0.9,640
41,0,,Main Street Commercial/MU High (3-5 Floors),Main Street Commercial/MU (Heilig-Levine),"Raleigh, NC",0.06,2.11,0,0,0,0,0.52,0,0,0,0.2,0.04,0,0.12,0.12,0,0,0,0,0,0,0,0.2,4500,3,2.4,0.85,1200,0.95,445,0.95,300,0.85,1000,330,0,7,0,3600,0,802.4,68.32,29.28,0.7,641
44,0,,Main Street Commercial/MU Low (1-2 Floors),Main Street Commercial/MU Low (MU Walgreens),"480 Castro Street, San Francisco",0.06,1.61,0,0,0,0.52,0,0,0,0,0.2,0.03,0,0.2,0.05,0,0,0,0,0,0,0,0.5,9152,2,1.9,0.85,919,0.85,525,0.85,350,0.85,1000,0,0,0,0,8694.4,0,457.6,0,0,0.9,744
47,0,,Main Street Commercial/MU Low (1-2 Floors),Main Street Commercial/MU Low (MU Retail),"5488 College Avenue, Oakland",0.06,2.11,0,0,0,0.52,0,0,0,0,0.2,0.04,0,0.12,0.12,0,0,0,0,0,0,0,0.5,8559,2,1.5,0.85,713,0.85,535,0.85,350,0.85,1000,330,5,0,0,6419.25,1650,0,440.775,48.975,0.9,747
52,0,,Skyscraper Residential,Skyscraper Residential (Rincon One),"San Francisco, CA",0.06,1.51,0,0,0,1,0,0,0,0,0,0,0,0,0,0,0,0,0,0,0,0,0.5,43560,60,28,0.85,1284,0.85,500,0.85,300,0.85,1000,330,0,545,0,20328,0,726,22506,0,1,852
53,0,,Skyscraper Residential,Skyscraper Residential (Langstaff W-12),,0.06,1.64,0,0,0,0.98,0,0,0,0,0.02,0,0,0,0,0,0,0,0,0,0,0,0.5,43560,48,18,0.85,858,0.85,450,0.85,300,0.85,1000,330,0,672,0,16335,0,3267,23958,0,1,853
56,0,,High-Rise Residential,"High-Rise Residential (AC Mid-Rise Res, 27+5 floors)",,0.06,1.69,0,0,0,0.94,0,0,0,0,0.06,0,0,0,0,0,0,0,0,0,0,0,0.25,43560,32,12,0.8,1184,0.85,475,0.85,300,0.85,1000,330,0,199,0,16335,0,3267,21562.2,2395.8,0.9,956
58,0,,High-Rise Residential,High-Rise Residential (Viridian),"Nashville, TN",0.06,1.74,0,0,0,0.98,0,0,0,0,0.02,0,0,0,0,0,0,0,0,0,0,0,0.1,43560,31,20,0.9,918,1,500,0.85,300,0.85,1000,330,0,804,0,28103.23,0,4847.81,9548.067774,1060.896419,0.9,958
59,0,,High-Rise Residential,High-Rise Residential (199 New Montgomery),"199 New Montgomery San Francisco, CA",0.06,1.69,0,0,0,0.97,0,0,0,0,0.03,0,0,0,0,0,0,0,0,0,0,0,0.2,43560,20,15,0.85,1046,0.85,450,0.85,300,0.85,1000,330,0,276,0,32670,0,6534,4356,0,1,959
60,0,,High-Rise Residential,High-Rise Residential (The Metropolitan),"San Francisco, CA",0.06,1.51,0,0,0,1,0,0,0,0,0,0,0,0,0,0,0,0,0,0,0,0,0.25,43560,27,13,0.85,1170,0.85,475,0.85,300,0.85,1000,330,0,406,0,20973.33,0,11696.67,10889.99667,0,1,960
61,0,,High-Rise Residential,High-Rise Residential (Pine & Franklin),"San Francisco, CA",0.06,1.64,0,0,0,0.99,0,0,0,0,0.02,0,0,0,0,0,0,0,0,0,0,0,0.2,43560,24,12,0.85,1240,0.85,450,0.85,300,0.85,1000,330,0,389,0,21780,0,20473.2,1176.12,130.68,0.9,961
62,0,,Urban Mid-Rise Residential,Mid-Rise Residential (Langstaff E-09),,0.06,1.69,0,0,0,0.96,0.02,0,0,0,0.02,0,0,0,0,0,0,0,0,0,0,0,0.3,43560,10,4,0.85,910,0.85,450,0.85,350,0.85,1000,330,0,110,0,17424,0,2178,23958,0,1,1062
63,0,,Urban Mid-Rise Residential,Mid-Rise Residential (Eddy/Taylor Family Housing),"San Francisco, CA",0.06,2.25,0,0,0,0.92,0,0,0,0,0.08,0,0,0,0,0,0,0,0,0,0,0,0.03,43560,14,8,0.85,920,0.85,500,0.85,300,0.85,1000,330,0,150,0,24891.43,0,14312.57,3920.401286,435.6001429,0.9,1063
64,0,,Urban Mid-Rise Residential,Mid-Rise Residential (Cubix Yerba Buena),"San Francisco, CA",0.06,2.25,0,0,0,0.91,0,0,0,0,0.09,0,0,0,0,0,0,0,0,0,0,0,0.01,43560,8,6.5,0.8,332,0.85,500,0.85,300,0.85,1000,330,5,0,0,35392.5,1650,5360.7,1156.8,0,1,1064
65,0,,Urban Mid-Rise Residential,Mid-Rise Residential (AC Res Type 2/MU),,0.06,2.25,0,0,0,0.94,0,0,0,0,0.06,0,0,0,0,0,0,0,0,0,0,0,0.01,43560,17,8,0.85,1184,0.85,538,0.85,350,0.85,1000,330,0,65,0,20498.82,0,14349.18,8711.996471,0,1,1065
66,0,,Urban Mid-Rise Residential,Mid-Rise Residential (CapMetro Apt/Condo Hi),,0.06,1.64,0,0,0,0.9,0,0,0,0,0.1,0,0,0,0,0,0,0,0,0,0,0,0.65,43560,8,5,0.85,1000,0.85,450,0.85,350,0.85,1000,330,0,50,0,27225,0,15028.2,1176.12,130.68,0.9,1066
67,0,,Urban Podium Multi-Family,Low-Rise Residential (AC Low Rise Res/MU),,0.06,1.94,0,0,0,0.97,0,0,0,0,0.03,0,0,0,0,0,0,0,0,0,0,0,0.1,43560,5,3,0.85,1184,0.85,538,0.85,350,0.85,1000,330,0,109,0,26136,0,2178,13721.4,1524.6,0.9,1167
68,0,,Urban Podium Multi-Family,Low-Rise Residential (Alameda MF with Ret),"Alameda, CA",0.06,2.25,0,0,0,0.9,0,0,0,0,0.1,0,0,0,0,0,0,0,0,0,0,0,0.05,43560,5,2,0.85,1400,0.85,500,0.85,350,0.85,1000,330,0,57,0,17424,0,4356,21780,0,1,1168
69,0,,Urban Podium Multi-Family,Low-Rise Residential (SACOG Intense Urban Res),"Sacramento, CA",0.06,2.25,0,0,0,0.95,0,0,0,0,0.05,0,0,0,0,0,0,0,0,0,0,0,0.05,43560,6,4,0.85,765,0.85,250,0.85,350,0.85,1000,330,0,151,0,29040,0,3630,10890,0,1,1169
70,0,,Urban Podium Multi-Family,Low-Rise Residential (SCAG Apt/Condo Hi),,0.06,2.25,0,0,0,1,0,0,0,0,0,0,0,0,0,0,0,0,0,0,0,0,0.05,43560,4,3,0.85,1000,0.85,750,0.85,350,0.85,1000,330,0,133,0,32670,0,2178,7840.8,871.2,0.9,1170
72,0,,Urban Podium Multi-Family,Low-Rise Residential (1),25-35 Dolores Ave San Francisco,0.06,2.25,0,0,0,1,0,0,0,0,0,0,0,0,0,0,0,0,0,0,0,0,0.2,43560,4,2.7,0.85,930,0.85,450,0.85,350,0.85,1000,330,0,89,0,29403,0,1089,11761.2,1306.8,0.9,1172
73,0,,Urban Podium Multi-Family,Low-Rise Residential (Ironhorse Family Apartments),"Oakland, CA",0.06,1.84,0,0,0,1,0,0,0,0,0,0,0,0,0,0,0,0,0,0,0,0,0.1,43560,4,1.8,0.85,1010,0.85,500,0.85,350,0.85,1000,330,0,76,0,19602,0,2178,21780,0,1,1173
74,0,,Urban Podium Multi-Family,Low-Rise Residential (MODA Lofts),"Stapleton Denver, CO",0.06,2.25,0,0,0,1,0,0,0,0,0,0,0,0,0,0,0,0,0,0,0,0,0.25,43560,4,2,0.85,940,0.85,500,0.85,350,0.85,1000,330,0,127,0,21780,0,20473.2,1176.12,130.68,0.9,1174
75,0,,Urban Podium Multi-Family,Low-Rise Residential (Darling Florist Bldg),"Berkeley, CA",0.06,1.64,0,0,0,0.9,0,0,0,0,0.1,0,0,0,0,0,0,0,0,0,0,0,0.2,43560,5,4,0.85,750,0.85,500,0.85,350,0.85,1000,330,0,240,0,34848,0,3484.8,5227.2,0,1,1175
80,0,,Standard Podium Multi-Family,Low-Rise Residential (Avalon Apts),"San Jose, CA",0.06,1.84,0,0,0,0.92,0,0,0,0,0.08,0,0,0,0,0,0,0,0,0,0,0,0.55,43560,4,2,0.85,1150,0.85,500,0.85,350,0.85,1000,330,0,74,0,21780,0,4356,15681.6,1742.4,0.9,1280
82,0,,Standard Podium Multi-Family,Low-Rise Residential (Ironhorse Family Apartments - 1) ,"Oakland, CA",0.06,2.25,0,0,0,1,0,0,0,0,0,0,0,0,0,0,0,0,0,0,0,0,0.2,43560,4,1.7,0.85,1010,0.85,475,0.85,350,0.85,1000,330,0,79,0,18513,0,9801,13721.4,1524.6,0.9,1282
83,0,,Standard Podium Multi-Family,Low-Rise Residential (MODA Lofts-2),"Denver, CO",0.06,2.25,0,0,0,1,0,0,0,0,0,0,0,0,0,0,0,0,0,0,0,0,0.25,43560,4,2,0.85,940,0.85,500,0.85,350,0.85,1000,330,0,127,0,21780,0,20473.2,1176.12,130.68,0.9,1283
87,0,,Suburban Multifamily Apt/Condo,Multifamily Apt/Condo (Lenzen Square),"San Jose, CA",0.06,1.85,0,0,0,1,0,0,0,0,0,0,0,0,0,0,0,0,0,0,0,0,0.2,43560,3,1,0.85,590,0.85,500,0.85,350,0.85,1000,330,0,109,0,14520,0,11616,15681.6,1742.4,0.9,1387
88,0,,Suburban Multifamily Apt/Condo,Multifamily Apt/Condo (Linden Court),"Oakland, CA",0.06,2.25,0,0,0,1,0,0,0,0,0,0,0,0,0,0,0,0,0,0,0,0,0.2,43560,3,1,0.85,710,0.85,500,0.85,350,0.85,1000,330,0,98,0,14520,0,20328,7840.8,871.2,0.9,1388
89,0,,Suburban Multifamily Apt/Condo,Multi-Family Apt/Condo (Sonoma Villero),"Bothell, WA",0.06,2.25,0,0,0,1,0,0,0,0,0,0,0,0,0,0,0,0,0,0,0,0,0.2,43560,3,1,0.85,1231,0.85,475,0.85,350,0.85,1001,330,34,14,0,14520,11220,3687.79,12718.989,1413.221,0.9,1389
90,0,,Suburban Multifamily Apt/Condo,Multi-Family Apt/Condo (Town Lofts),"Stapleton Denver, CO",0.06,2.25,0,0,0,1,0,0,0,0,0,0,0,0,0,0,0,0,0,0,0,0,0.2,43560,3,1.33,0.85,1300,0.85,475,0.85,350,0.85,1000,330,54,23,0,19311.6,17820,1452,4976.4,0,1,1390
91,0,,Suburban Multifamily Apt/Condo,Multifamily Apt/Condo (Mabuhay Court),"San Jose, CA",0.06,1.94,0,0,0,1,0,0,0,0,0,0,0,0,0,0,0,0,0,0,0,0,0.2,43560,3,1.8,0.85,620,0.85,475,0.85,350,0.85,1000,330,1,112,0,26136,330,6234,10860,0,1,1391
93,0,,Urban Townhome/Live-Work,Townhome/Live-Work (Small Townhouse),"Alameda, CA",0.04,2.24,0,1,0,0,0,0,0,0,0,0,0,0,0,0,0,0,0,0,0,0,0.1,1452,2,0.82,1,1191,0.85,750,0.85,350,0.85,1000,330,0,2,0,595.32,0,57.9,718.902,79.878,0.9,1493
95,0,,Urban Townhome/Live-Work,Townhome/Live-Work (Denver Brownstone),"Stapleton Denver, CO",0.04,2.19,0,1,0,0,0,0,0,0,0,0,0,0,0,0,0,0,0,0,0,0,0.1,2897,4,1.18,1,3410,0.85,750,0.85,350,0.85,1000,330,0,3,0,854.62,0,306.3,1562.4765,173.6085,0.9,1495
96,0,,Urban Townhome/Live-Work,Townhome/Live-Work (Pearl Townhome),"Portland, OR",0.04,2.25,0,1,0,0,0,0,0,0,0,0,0,0,0,0,0,0,0,0,0,0,0.3,1742,2,1.1,1,1874,0.85,750,0.85,350,0.85,1000,330,0,1,0,958.1,0,86.92,627.282,69.698,0.9,1496
97,0,,Urban Townhome/Live-Work,Townhome/Live-Work (Penthouse Row Homes),"Stapleton Denver, CO",0.04,2.24,0,1,0,0,0,0,0,0,0,0,0,0,0,0,0,0,0,0,0,0,0.25,2219,3,0.94,1,1965,0.85,750,0.85,350,0.85,1000,330,0,4,0,695.29,0,1192.64,297.966,33.10733333,0.9,1497
98,0,,Urban Townhome/Live-Work,Townhome/Live-Work (Backyard Row Home),"Stapleton Denver, CO",0.04,2.25,0,1,0,0,0,0,0,0,0,0,0,0,0,0,0,0,0,0,0,0,0.2,1917,3,0.91,1,1668,0.85,750,0.85,350,0.85,1000,330,0,2,0,581.49,0,91.69,1119.438,124.382,0.9,1498
99,0,,Urban Townhome/Live-Work,Townhome/Live-Work (Sky Terrace),"Stapleton Denver, CO",0.04,2.64,0,1,0,0,0,0,0,0,0,0,0,0,0,0,0,0,0,0,0,0,0.05,2519,3,0.84,1,2033,0.85,750,0.85,350,0.85,1000,330,0,2,0,705.32,0,180.13,1470.195,163.355,0.9,1499
101,0,,Standard Townhome,Townhome/Live-Work (Small Townhouse - 2),"Alameda, CA",0.04,1.94,0,1,0,0,0,0,0,0,0,0,0,0,0,0,0,0,0,0,0,0,0.1,1452,2,0.87,1,1191,0.85,750,0.85,350,0.85,1000,330,0,2,0,631.62,0,24.9,715.932,79.548,0.9,15101
102,0,,Standard Townhome,Townhome/Live-Work (SEGA Townhouse),,0.04,2.24,0,1,0,0,0,0,0,0,0,0,0,0,0,0,0,0,0,0,0,0,0.25,2000,2,0.78,1,1500,0.85,750,0.85,350,0.85,1000,330,0,2,0,780,0,117,992.7,110.3,0.9,15102
106,0,,Standard Townhome,Townhome/Live-Work (Backyard Row Home-2),"Stapleton Denver, CO",0.04,2.34,0,1,0,0,0,0,0,0,0,0,0,0,0,0,0,0,0,0,0,0,0.2,1917,3,0.9,1,1668,0.85,750,0.85,350,0.85,1000,330,0,2,0,575.1,0,93.65,1123.425,124.825,0.9,15106
107,0,,Standard Townhome,Townhome/Live-Work (Sky Terrace-2),"Stapleton Denver, CO",0.04,2.38,0,1,0,0,0,0,0,0,0,0,0,0,0,0,0,0,0,0,0,0,0.45,2519,3,0.83,1,2033,0.85,750,0.85,350,0.85,1000,330,0,2,0,696.92,0,183.46,1474.755,163.8616667,0.9,15107
109,0,,Garden Apartment,Garden Apartment (Corte Bella),"Irthorn, CA",0.04,2.24,0,1,0,0,0,0,0,0,0,0,0,0,0,0,0,0,0,0,0,0,0.35,17000,3,1.1,1,1516,0.85,600,0.92,300,0.85,1000,330,0,57,0,6233.33,0,5000,5190,576.6666667,0.9,16109
110,0,,Garden Apartment,Garden Apartment (Victoria Townhomes),"Seattle, WA",0.04,2.38,0,1,0,0,0,0,0,0,0,0,0,0,0,0,0,0,0,0,0,0,0.3,27000,3,0.8,1,2347,0.85,600,0.92,300,0.85,1000,330,0,79,0,7200,0,18819.67,882.297,98.033,0.9,16110
111,0,,Garden Apartment,Garden Apartment  (F1 Affordable Townhomes),"Stapleton Denver, CO",0.04,2.29,0,1,0,0,0,0,0,0,0,0,0,0,0,0,0,0,0,0,0,0,0.35,1409,3,0.81,1,1136,0.85,750,0.85,350,0.85,1000,330,0,1,0,380.43,0,44.03,886.086,98.454,0.9,16111
120,0,,Very Small Lot 3000,Very Small Lot 2500 (Garden Courts),"Stapleton Denver, CO",0.03,2.44,1,0,0,0,0,0,0,0,0,0,0,0,0,0,0,0,0,0,0,0,1,2736,2,0,1,1940,0.85,750,0.85,350,0.85,1000,330,2,0,0,970,660,208.31,628.383,269.307,0.7,17120
123,0,,Small Lot 4000,Small Lot 4000 (John Laing),"Stapleton Denver, CO",0.03,2.85,1,0,0,0,0,0,0,0,0,0,0,0,0,0,0,0,0,0,0,0,0.3,4182,2,0,1,2841,0.85,750,0.85,350,0.85,1000,330,2,0,0,1420.5,660,154.2,1363.11,584.19,0.7,18123
124,0,,Small Lot 4000,Small Lot 4000 (Town Square),"Stapleton Denver, CO",0.03,2.45,1,0,0,0,0,0,0,0,0,0,0,0,0,0,0,0,0,0,0,0,0.3,4230,2,0,1,2590,0.85,750,0.85,350,0.85,1000,330,2,0,0,1295,660,219.88,1438.584,616.536,0.7,18124
125,0,,Small Lot 4000,Small Lot 4000 (1),"Albany, CA",0.03,2.54,1,0,0,0,0,0,0,0,0,0,0,0,0,0,0,0,0,0,0,0,0.3,4000,2,0,1,1500,0.85,750,0.85,350,0.85,1000,330,2,0,0,750,660,282.51,1615.243,692.247,0.7,18125
126,0,,Small Lot 4000,"Small Lot 4000 (Alameda SF Detached, 1-2 floors)","Alameda, CA",0.03,2.26,1,0,0,0,0,0,0,0,0,0,0,0,0,0,0,0,0,0,0,0,0.1,4000,2,0,1,3300,0.85,750,0.85,350,0.85,1000,330,2,0,0,1650,660,182.51,1055.243,452.247,0.7,18126
129,0,,Medium Lot 5500,Medium Lot 5500 (Daybreak),,0.03,2.72,1,0,0,0,0,0,0,0,0,0,0,0,0,0,0,0,0,0,0,0,0.2,5500,2,0,1,1910,0.85,750,0.85,350,0.85,1000,330,2,0,0,955,660,370,2460.5,1054.5,0.7,19129
131,0,,Medium Lot 5500,"Medium Lot 5500 (Average, St. Francis Wood)","San Francisco, CA",0.03,2.64,1,0,0,0,0,0,0,0,0,0,0,0,0,0,0,0,0,0,0,0,0.2,5000,2,0,1,2500,0.85,750,0.85,350,0.85,1000,330,2,0,0,1250,660,150,2058,882,0.7,19131
133,0,,Medium Lot 5500,Medium Lot 5500 (Kentlands),"Stapleton Denver, CO",0.03,2.72,1,0,0,0,0,0,0,0,0,0,0,0,0,0,0,0,0,0,0,0,0.6,5500,2,0,1,2400,0.85,750,0.85,350,0.85,1000,330,2,0,0,1200,660,125,2460.5,1054.5,0.7,19133
135,0,,Large Lot 7500,"Large Lot 7500 (SACOG SF Large Lot, 1-2 floors)","Sacramento, CA",0.03,3.41,1,0,0,0,0,0,0,0,0,0,0,0,0,0,0,0,0,0,0,0,0.2,7500,2,0,1,2800,0.85,750,0.85,350,0.85,1000,330,3,0,0,1400,990,325,3349.5,1435.5,0.7,20135
136,0,,Large Lot 7500,Large Lot 7500 (View Park),"Los Angeles, CA",0.03,3.06,1,0,0,0,0,0,0,0,0,0,0,0,0,0,0,0,0,0,0,0,0.2,7500,2,0,1,4000,0.85,750,0.85,350,0.85,1000,330,3,0,0,2000,990,475,2824.5,1210.5,0.7,20136
137,0,,Large Lot 7500,Large Lot 7500 (Gold Coast),"Alameda, CA",0.03,3.41,1,0,0,0,0,0,0,0,0,0,0,0,0,0,0,0,0,0,0,0,0.2,7500,2,0,1,4000,0.85,750,0.85,350,0.85,1000,330,3,0,0,2000,990,475,2824.5,1210.5,0.7,20137
138,0,,Large Lot 7500,Large Lot 7500 (Estate Home),"Stapleton Denver, CO",0.03,2.81,1,0,0,0,0,0,0,0,0,0,0,0,0,0,0,0,0,0,0,0,0.4,7802,3,0,1,4780,0.85,750,0.85,350,0.85,1000,330,3,0,0,1593.33,990,1407.62,2667.732667,1143.314,0.7,20138
139,0,,Estate Lot,"Estate Lot  (SACOG Very Low Den Res, 1-2 floors)","Sacramento, CA",0.03,2.81,1,0,0,0,0,0,0,0,0,0,0,0,0,0,0,0,0,0,0,0,0.1,10000,2,0,1,2800,0.85,750,0.85,350,0.85,1000,330,4,0,0,1400,1320,120,5012,2148,0.7,21139
140,0,,Estate Lot,"Estate Lot  (SCAG Large Lot, 1-2 floors)",,0.03,3.41,1,0,0,0,0,0,0,0,0,0,0,0,0,0,0,0,0,0,0,0,0.1,20000,2,0,1,3000,0.85,750,0.85,350,0.85,1000,330,4,0,0,1500,1320,120,11942,5118,0.7,21140
141,0,,Estate Lot,"Estate Lot (Average, Beverly Hills)","Beverly Hills, CA",0.03,2.81,1,0,0,0,0,0,0,0,0,0,0,0,0,0,0,0,0,0,0,0,0.2,15000,2,0,1,5000,0.85,750,0.85,350,0.85,1000,330,4,0,0,2500,1320,800,7266,3114,0.7,21141
142,0,,Estate Lot,"Estate Lot (Average, Old Palo Alto)","Palo Alto, CA",0.03,3.41,1,0,0,0,0,0,0,0,0,0,0,0,0,0,0,0,0,0,0,0,0.2,20000,2,0,1,5000,0.85,750,0.85,350,0.85,1000,330,4,0,0,2500,1320,1300,10416,4464,0.7,21142
143,0,,Estate Lot,"Estate Lot (Daybreak Estate, South Jordan)",,0.03,2.81,1,0,0,0,0,0,0,0,0,0,0,0,0,0,0,0,0,0,0,0,0.2,9801,2,0,1,3214,0.85,750,0.85,350,0.85,1000,330,4,0,0,1607,1320,623.35,4375.455,1875.195,0.7,21143
144,0,,Estate Lot,Estate Lot (Windemere Estate),"San Ramon, CA",0.03,3.41,1,0,0,0,0,0,0,0,0,0,0,0,0,0,0,0,0,0,0,0,0.2,10402,2,0,1,4956,0.85,750,0.85,350,0.85,1000,330,4,0,0,2478,1320,482.8,4284.84,1836.36,0.7,21144
145,0,,Rural Residential,"Rural Residential (SACOG Rural Res, 1-2 floors)","Sacramento, CA",0.03,3.41,1,0,0,0,0,0,0,0,0,0,0,0,0,0,0,0,0,0,0,0,0.1,80000,2,0,1,2500,0.85,750,0.85,350,0.85,1000,330,3,0,0,1250,990,1050,15342,61368,0.2,22145
146,0,,Rural Residential,"Rural Residential (SCAG Rural, 1-2 floors)",,0.03,2.81,1,0,0,0,0,0,0,0,0,0,0,0,0,0,0,0,0,0,0,0,0.4,160000,2,0,1,3000,0.85,750,0.85,350,0.85,1000,330,3,0,0,1500,990,4000,30702,122808,0.2,22146
147,0,,Rural Residential,Rural Residential (Prairie Crossing Rural SF),,0.03,3.41,1,0,0,0,0,0,0,0,0,0,0,0,0,0,0,0,0,0,0,0,0.1,28801,2,0,1,3998,0.85,750,0.85,350,0.85,1000,330,3,0,0,1999,990,269.11,5108.578,20434.312,0.2,22147
148,0,,Rural Residential,"Rural Residential (SEGA Rural, 1-2 floors)",,0.03,2.81,1,0,0,0,0,0,0,0,0,0,0,0,0,0,0,0,0,0,0,0,0.4,80000,2,0,1,3000,0.85,750,0.85,350,0.85,1000,330,3,0,0,1500,990,800,15342,61368,0.2,22148
149,0,,Rural Ranchette,Rural Ranchette (AFT 1.5 acre lot),,0.03,3.41,1,0,0,0,0,0,0,0,0,0,0,0,0,0,0,0,0,0,0,0,0.05,65340,2,0,1,3500,0.85,750,0.85,350,0.85,1000,330,5,0,0,1750,1650,670.4,12253.92,49015.68,0.2,23149
150,0,,Rural Ranchette,Rural Ranchette 1,"Fresno, CA",0.03,2.81,1,0,0,0,0,0,0,0,0,0,0,0,0,0,0,0,0,0,0,0,0.05,80000,2,0,1,3500,0.85,750,0.85,350,0.85,1000,330,5,0,0,1750,1650,4750,14370,57480,0.2,23150
151,0,,Rural Ranchette,Rural Ranchette 2,,0.03,3.41,1,0,0,0,0,0,0,0,0,0,0,0,0,0,0,0,0,0,0,0,0.05,100000,2,0,1,3500,0.85,750,0.85,350,0.85,1000,330,5,0,0,1750,1650,1750,18970,75880,0.2,23151
152,0,,Rural Ranchette,Rural Ranchette (AFT 5 acre lot),,0.03,2.81,1,0,0,0,0,0,0,0,0,0,0,0,0,0,0,0,0,0,0,0,0.05,217800,2,0,1,3500,0.85,750,0.85,350,0.85,1000,330,5,0,0,1750,1650,1106,42658.8,170635.2,0.2,23152
153,0,,Rural Ranchette,Rural Ranchette 6,"Fresno, CA",0.03,2.81,1,0,0,0,0,0,0,0,0,0,0,0,0,0,0,0,0,0,0,0,0.1,210000,2,0,1,3500,0.85,750,0.85,350,0.85,1000,330,5,0,0,1750,1650,3050,40710,162840,0.2,23153
154,0,,Rural Ranchette,Rural Ranchette (AFT 10 acre lot),,0.03,3.41,1,0,0,0,0,0,0,0,0,0,0,0,0,0,0,0,0,0,0,0,0.1,435600,2,0,1,3500,0.85,750,0.85,350,0.85,1000,330,5,0,0,1750,1650,3284,85783.2,343132.8,0.2,23154
155,0,,Rural Ranchette,Rural Ranchette 4,"Chowchilla, CA",0.03,2.81,1,0,0,0,0,0,0,0,0,0,0,0,0,0,0,0,0,0,0,0,0.1,360000,2,0,1,3500,0.85,750,0.85,350,0.85,1000,330,5,0,0,1750,1650,3950,70530,282120,0.2,23155
156,0,,Rural Ranchette,Rural Ranchette (AFT 20 acre lot),,0.03,3.41,1,0,0,0,0,0,0,0,0,0,0,0,0,0,0,0,0,0,0,0,0.1,871200,2,0,1,3500,0.85,750,0.85,350,0.85,1000,330,5,0,0,1750,1650,1106,173338.8,693355.2,0.2,23156
157,0,,Rural Ranchette,Rura lRanchette 5,"Fresno, CA",0.03,2.81,1,0,0,0,0,0,0,0,0,0,0,0,0,0,0,0,0,0,0,0,0.2,910000,2,0,1,3500,0.85,750,0.85,350,0.85,1000,330,5,0,0,1750,1650,1300,181060,724240,0.2,23157
158,0,,Rural Ranchette,Rural Ranchette 3,"Boonville, CA",0.03,2.81,1,0,0,0,0,0,0,0,0,0,0,0,0,0,0,0,0,0,0,0,0.2,1000000,2,0,1,3500,0.85,750,0.85,350,0.85,1000,330,5,0,0,1750,1650,6750,9898.5,979951.5,0.01,23158
159,0,,Skyscraper Office,Skyscraper Office (Transbay Tower),"San Francisco, CA",0.06,0,0,0,0,0,0.9,0,0,0,0.04,0.01,0,0,0.05,0,0,0,0,0,0,0,0.2,43560,80,19.5,0.85,0,0.98,500,0.85,250,0.85,0,330,0,181,0,10617.75,0,2450.25,15246,15246,0.5,24159
160,0,,Skyscraper Office,Skyscraper Office (US Bank Tower),"Los Angeles, CA",0.06,0,0,0,0,0,0.97,0,0,0,0.02,0,0,0,0.01,0,0,0,0,0,0,0,0.2,43560,73,50,0.85,1000,0.85,500,0.85,250,0.85,0,330,0,1498,0,29835.62,0,9368.38,2178.001781,2178.001781,0.5,24160
161,0,,Skyscraper Office,Skyscraper Office (Washington Mutual Tower),"Seattle, WA",0.06,0,0,0,0,0,0.97,0,0,0,0.01,0,0,0,0.02,0,0,0,0,0,0,0,0.2,43560,55,45,0.85,1000,0.85,500,0.85,250,0.85,0,330,0,1407,0,35640,0,5742,653.4,1524.6,0.3,24161
163,0,,Skyscraper Office,Skyscraper Office (Aon Center),"Los Angeles, CA",0.06,0,0,0,0,0,0.98,0,0,0,0.01,0,0,0,0.01,0,0,0,0,0,0,0,0.2,43560,62,58,0.85,0,0.85,500,0.85,250,0,0,330,0,952,0,40749.68,0,632.32,1089.00129,1089.00129,0.5,24163
164,0,,Skyscraper Office,Skyscraper Office (Bank of America Center),"Los Angeles, CA",0.06,0,0,0,0,0,0.98,0,0,0,0.01,0,0,0,0.01,0,0,0,0,0,0,0,0.2,43560,55,25,0.85,0,0.85,500,0.85,250,0.85,0,330,0,534,0,19800,0,6336,10454.4,6969.6,0.6,24164
169,0,http://casestudies.uli.org/Profile.aspx?j=8218&p=5&c=4,High-Rise Office,High-Rise Office (Tabor Center),"Denver, CO",0.06,0,0,0,0,0,0.9,0,0,0,0.04,0.01,0,0,0.05,0,0,0,0,0,0,0,0.3,43560,31,11,0.85,637,0.85,500,0.94,250,0.85,1000,330,0,477,0,15456.77,0,10679.23,8711.997903,8711.997903,0.5,25169
170,Pelli Clarke Pelli,,High-Rise Office,High-Rise Office (1),"560 Mission Street San Francisco, CA",0.06,0,0,0,0,0,0.99,0,0,0,0,0.01,0,0,0,0,0,0,0,0,0,0,0.2,43560,31,19,0.85,1000,0.85,500,0.85,250,0.85,1000,330,0,352,0,26698.06,0,10327.94,3266.997742,3266.997742,0.5,25170
171,Heller Manus,,High-Rise Office,High Rise Office (2),"555 Mission Street San Francisco, CA",0.06,0,0,0,0,0,0.99,0,0,0,0,0,0,0,0,0,0,0,0,0,0,0,0.2,43560,33,16.5,0.85,1000,0.85,500,0.85,250,0.85,1000,330,0,191,0,21780,0,13068,4356,4356,0.5,25171
172,Heller Manus,,High-Rise Office,High-Rise Office (3),"55 Second Street San Francisco, CA",0.06,0,0,0,0,0,1,0,0,0,0,0,0,0,0,0,0,0,0,0,0,0,0.1,43560,26,14.47,0.85,1000,0.85,500,0.85,250,0.85,1000,330,0,192,0,24242.82,0,14961.18,2178.002308,2178.002308,0.5,25172
173,0,,High-Rise Office,High-Rise Office (SACOG CBD Ofice),"Sacramento, CA",0.06,0,0,0,0,0,0.95,0,0,0,0.03,0,0,0,0.02,0,0,0,0,0,0,0,0.2,43560,20,14,0.85,1000,0.85,500,0.85,250,0.85,1000,330,0,62,0,30492,0,8712,871.2,3484.8,0.2,25173
174,0,,Mid-Rise Office,Mid-Rise Office (Langstaff W-05),,0.06,0,0,0,0,0,1,0,0,0,0,0,0,0,0,0,0,0,0,0,0,0,0.2,43560,9,5,0.85,1000,0.85,500,0.85,150,0.85,1000,330,0,85,0,24200,0,6292,2613.6,10454.4,0.2,26174
176,0,,Mid-Rise Office,Mid-Rise Office (Langstaff W-04),,0.06,0,0,0,0,0,0.9,0,0,0,0.04,0.01,0,0,0.05,0,0,0,0,0,0,0,0.2,43560,9,5,0.85,1000,0.85,500,0.85,150,0.85,1000,330,0,85,0,24200,0,4114,3049.2,12196.8,0.2,26176
178,0,,Mid-Rise Office,"Mid-Rise Office (SCAG City Center Office, 6-15 floors)",,0.06,0,0,0,0,0,0.95,0,0,0,0.03,0,0,0,0.02,0,0,0,0,0,0,0,0.2,43560,11,7,0.85,1000,0.85,500,0.85,350,0.85,1000,330,0,56,0,27720,0,2772,3920.4,9147.6,0.3,26178
179,ZGF,,Mid-Rise Office,Mid-Rise Office (EPA Headquarters),"Denver, CO",0.06,0,0,0,0,0,1,0,0,0,0,0,0,0,0,0,0,0,0,0,0,0,0.2,43560,9,5.6,0.85,1000,0.85,500,0.85,350,0.85,1000,330,0,32,0,27104,0,7744,4356,4356,0.5,26179
180,0,,Mid-Rise Office,Mid-Rise Office (SACOG Hi Intensity Office),"Sacramento, CA",0.06,0,0,0,0,0,0.95,0,0,0,0.03,0,0,0,0.02,0,0,0,0,0,0,0,0.2,43560,10,7,0.85,1000,0.85,500,0.85,300,0.85,1000,330,0,31,0,30492,0,4356,1742.4,6969.6,0.2,26180
181,0,,Low-Rise Office,Low-Rise Office (AC Low Rise Office),,0.06,0,0,0,0,0,1,0,0,0,0,0,0,0,0,0,0,0,0,0,0,0,0.05,43560,4,2,0.85,1000,0.85,538,0.85,269,0.85,1000,330,0,74,0,21780,0,15246,2613.6,3920.4,0.4,27181
182,Pickard Chilton,,Low-Rise Office,Low-Rise Office (CalPERS Headquarters),"Sacramento, CA",0.06,0,0,0,0,0,1,0,0,0,0,0,0,0,0,0,0,0,0,0,0,0,0.05,43560,6,4.5,0.85,1000,0.85,500,0.85,350,0.85,1000,330,0,178,0,32670,0,6534,1306.8,3049.2,0.3,27182
183,Weber Thompson,,Low-Rise Office,Low-Rise Office (The Terry Thomas),"Seattle, WA",0.06,0,0,0,0,0,0.93,0,0,0,0.03,0.01,0,0,0.03,0,0,0,0,0,0,0,0.2,43560,6,3,0.85,1000,0.85,500,0.85,235,0.85,1000,330,0,250,0,21780,0,17424,1742.4,2613.6,0.4,27183
184,NBBJ,,Low-Rise Office,Low-Rise Office (223 Yale @ Alley24),"223 Yale Seattle, WA",0.06,0,0,0,0,0,0.89,0,0,0,0.05,0.01,0,0,0.05,0,0,0,0,0,0,0,0.2,43560,5,4,0.85,1000,0.85,500,0.85,208,0.85,1000,330,0,253,0,34848,0,7840.8,435.6,435.6,0.5,27184
185,HOK,,Low-Rise Office,Low-Rise Office (Symantec Headquarters),"Culver City, CA",0.06,0,0,0,0,0,1,0,0,0,0,0,0,0,0,0,0,0,0,0,0,0,0.3,43560,5,3,0.85,1000,0.85,500,0.85,375,0.85,1000,330,0,155,0,26136,0,10890,1960.2,4573.8,0.3,27185
186,0,,Low-Rise Office,Low-Rise Office (SACOG Mod Inten. Office),"Sacramento, CA",0.06,0,0,0,0,0,0.95,0,0,0,0.03,0,0,0,0.02,0,0,0,0,0,0,0,0.05,43560,4,3,0.85,1000,0.85,500,0.85,300,0.85,1000,330,0,38,0,32670,0,2178,3484.8,5227.2,0.4,27186
187,GGLO,,Low-Rise Office,Low-Rise Office (R.D. Merrill Building),"Seattle, WA",0.06,0,0,0,0,0,1,0,0,0,0,0,0,0,0,0,0,0,0,0,0,0,0.05,43560,3,2.76,0.85,1000,0.85,500,0.85,350,0.85,1000,330,0,79,0,40075.2,0,0,1742.4,1742.4,0.5,27187
188,0,,Low-Rise Office,"Low-Rise Office (SEGA Low Rise Office, 4-6 floors)",,0.06,0,0,0,0,0,1,0,0,0,0,0,0,0,0,0,0,0,0,0,0,0,0.1,43560,4,1,0.85,1000,0.85,500,0.85,350,0.85,1000,330,0,37,0,10890,0,4356,5662.8,22651.2,0.2,27188
189,0,,Main Street Commercial (Retail/Office/Medical),Main Street Commercial/MU Low (Dentist Office),"4185 Piedmont Avenue, Oakland",0.06,0,0,0,0,0,1,0,0,0,0,0,0,0,0,0,0,0,0,0,0,0,0.05,5000,2,0.45,0.85,750,0.85,500,0.85,525,0.85,1000,330,9,0,0,1125,2970,800,15.75,89.25,0.15,28189
190,0,,Main Street Commercial (Retail/Office/Medical),Main Street Commercial/MU Low (Zachary's Pizza),"1853 Solano Avenue, Berkeley, CA",0.06,0,0,0,0,0,0,0,0,0,0.41,0.07,0,0,0.52,0,0,0,0,0,0,0,0.05,7117,1,0.75,0.85,750,0.85,525,0.85,350,0.85,1000,330,3,0,0,5337.75,990,327.38,230.935,230.935,0.5,28190
191,0,,Main Street Commercial (Retail/Office/Medical),Main Street Commercial/MU Low (MU Noah's Bagels),"3170 College Avenue, Berkeley CA",0.06,0,0,0,0,0,0.5,0,0,0,0.2,0.04,0,0.03,0.23,0,0,0,0,0,0,0,0.05,13895,2,0.8,0.85,750,0.85,525,0.85,350,0.85,1000,330,15,0,0,5558,4950,2690.96,348.02,348.02,0.5,28191
192,0,,Main Street Commercial (Retail/Office/Medical),Main Street Commercial (Mechanics Bank),"Mechanics Bank, Kensington CA",0.06,0,0,0,0,0,0.8,0,0,0,0.08,0.02,0,0,0.1,0,0,0,0,0,0,0,0.2,5000,1,0.95,0.85,1000,0.85,525,0.85,350,0.85,1000,0,0,0,0,4750,0,250,0,0,0.15,28192
193,0,,Main Street Commercial (Retail/Office/Medical),Main Street Commercial/MU Low (Alpha Market),"960 Cole Street, San Francisco CA",0.06,0,0,0,0,0,0,0,0,0,0.41,0.07,0,0.03,0.49,0,0,0,0,0,0,0,0.25,3600,1,0.9,0.85,750,0.85,525,0.85,350,0.85,1000,0,0,0,0,3240,0,277.38,41.31,41.31,0.5,28193
194,0,,Main Street Commercial (Retail/Office/Medical),Main Street Commercial/MU Low (MU Instrument Sales),"1601 N Main Street, Walnut Creek CA",0.06,0,0,0,0,0,0.25,0,0,0,0.31,0.04,0,0.2,0.2,0,0,0,0,0,0,0,0.25,8196,2,1.1,0.85,750,0.85,525,0.85,350,0.85,1000,330,1,0,0,4507.8,330,3294.38,31.91,31.91,0.5,28194
195,0,,Main Street Commercial (Retail/Office/Medical),Main Street Commercial/MU Low (MU Crepe Vine),"1616 N Main Street, Walnut Creek CA",0.06,0,0,0,0,0,0.4,0,0,0,0.25,0.03,0,0.02,0.3,0,0,0,0,0,0,0,0.15,6956,2,1.3,0.85,750,0.85,525,0.85,350,0.85,1000,330,1,0,0,4521.4,330,465.01,245.9385,1393.6515,0.15,28195
196,0,,Parking Structure+Ground-Floor Retail,Parking Structure + Ground-Floor Retail (1),"15th and Pearl Structure, Boulder, CO",0.06,0,0,0,0,0,0.5,0,0,0,0.21,0.03,0,0.02,0.24,0,0,0,0,0,0,0,0.3,5000,6,5.5,0.85,750,0.1,500,0.2,525,0.85,1000,330,0,83,0,4583.33,0,0,208.3333333,208.3333333,0.5,29196
197,0,,Parking Structure+Ground-Floor Retail,Parking Structure + Ground-Floor Retail (2),"8th and Hope, Los Angeles CA",0.06,0,0,0,0,0,0,0,0,0,0.41,0.07,0,0.04,0.48,0,0,0,0,0,0,0,0.3,7117,7,6.5,0.85,750,0.07,500,0.2,350,0.85,1000,330,0,103,0,6608.64,0,0,254.1785714,254.1785714,0.5,29197
198,0,,Parking Structure+Ground-Floor Retail,Parking Structure + Ground-Floor Retail (3),,0.06,0,0,0,0,0,0,0,0,0,0.41,0.07,0,0.04,0.48,0,0,0,0,0,0,0,0.4,6956,3,2.5,0.85,750,0.1,500,0.2,350,0.85,1000,330,0,61,0,5796.67,0,1000,79.66666667,79.66666667,0.5,29198
199,0,,Parking Structure,Parking Structure (1),,0.06,0,0,0,0,0,0,0,0,0,0.41,0.07,0,0.04,0.48,0,0,0,0,0,0,0,0.2,5000,4,3.5,0.85,750,0.01,500,0.2,525,0.85,1000,330,0,61,0,4375,0,0,312.5,312.5,0.5,30199
200,0,,Parking Structure,Parking Structure (Oak & Central),,0.06,0,0,0,0,0,0,0,0,0,0.41,0.07,0,0.04,0.48,0,0,0,0,0,0,0,0.2,19000,3,2.5,0,0,0.01,500,0.2,400,0.85,1000,330,0,190,0,15833.33,0,3000,83.33333333,83.33333333,0.5,30200
201,0,,Parking Structure,Parking Structure (2),,0.06,0,0,0,0,0,0,0,0,0,0.41,0.07,0,0.04,0.48,0,0,0,0,0,0,0,0.2,7117,5,4.5,0.85,750,0.01,500,0.2,350,0.85,1000,330,0,108,0,6405.3,0,0,355.85,355.85,0.5,30201
202,0,,Parking Structure,Parking Structure (Jack London Market),,0.06,0,0,0,0,0,0,0,0,0,0.41,0.07,0,0.21,0.31,0,0,0,0,0,0,0,0.2,43560,5,4.5,0.85,0,0.01,500,0.2,400,0.85,1000,330,0,784,0,39204,0,3484.8,435.6,435.6,0.5,30202
203,0,,Parking Structure,Parking Structure (3),,0.06,0,0,0,0,0,0,0,0,0,0.41,0.07,0,0.04,0.48,0,0,0,0,0,0,0,0.2,6956,6,5.5,0.85,750,0.01,500,0.95,350,0.85,1000,330,0,126,0,6376.33,0,0.23,289.7183333,289.7183333,0.5,30203
207,0,,Office Park High,"Office Park High (SEGA Office Park 0.35, 2-4 floors)",,0.06,0,0,0,0,0,1,0,0,0,0,0,0,0,0,0,0,0,0,0,0,0,0.1,43560,3,0.35,0.85,1000,0.85,750,0.85,500,0.85,1000,330,32,14,0,5082,10560,952.7,13482.65,13482.65,0.5,31207
208,0,,Office Park High,Office Park High (SACOG Mod Inten. Office),"Sacramento, CA",0.06,0,0,0,0,0,0.95,0,0,0,0.03,0,0,0,0.02,0,0,0,0,0,0,0,0.3,43560,4,1.02,0.85,1000,0.85,500,0.85,300,0.85,1000,330,93,40,0,11107.8,30690,800,481.1,481.1,0.5,31208
209,0,,Office Park High,Office Park High (Bishop Ranch BR-3),"San Ramon, CA",0.06,0,0,0,0,0,1,0,0,0,0,0,0,0,0,0,0,0,0,0,0,0,0.2,43560,5,0.69,0.85,1000,0.85,500,0.85,300,0.85,1000,330,83,35,0,6011.28,27390,2479.69,3839.515,3839.515,0.5,31209
210,0,,Office Park High,Office Park High (Bishop Ranch BR-6),"San Ramon, CA",0.06,0,0,0,0,0,1,0,0,0,0,0,0,0,0,0,0,0,0,0,0,0,0.1,43560,3,0.4,0.85,1000,0.85,750,0.85,300,0.85,1000,330,34,15,0,5808,11220,1031.2,12750.4,12750.4,0.5,31210
211,0,,Office Park High,"Office Park High (SEGA Low Rise Office, 4-6 floors)",,0.06,0,0,0,0,0,1,0,0,0,0,0,0,0,0,0,0,0,0,0,0,0,0.3,43560,5,1,0.85,1000,0.85,500,0.85,300,0.85,1000,330,91,39,0,8712,30030,2720.32,1048.84,1048.84,0.5,31211
212,0,,Office Park Low,Office Park Low (Redwood Business Park),"Petaluma, CA",0.06,0,0,0,0,0,0.8,0,0,0,0,0,0,0,0,0.2,0,0,0,0,0,0,0.25,43560,1,0.3,0.85,1000,0.85,750,0.85,450,0.85,1000,330,54,0,0,13068,17820,7759.92,2456.04,2456.04,0.5,32212
213,0,,Office Park Low,Office Park Low (Nanometrics Bldg),"Milpitas, CA",0.06,0,0,0,0,0,1,0,0,0,0,0,0,0,0,0,0,0,0,0,0,0,0.1,43560,1,0.4,0.85,1000,0.85,750,0.85,375,0.85,1000,330,62,0,0,17424,20460,1002,2337,2337,0.5,32213
214,0,,Office Park Low,Office Park Low (Sonoma Technology Bldg),"Petaluma, CA",0.06,0,0,0,0,0,1,0,0,0,0,0,0,0,0,0,0,0,0,0,0,0,0.5,43560,1,0.2,0.85,1000,0.85,750,0.85,450,0.85,1000,330,45,0,0,8712,14850,14874,2562,2562,0.5,32214
215,0,,Office Park Low,Office Park Low (Bestronics Bldg),"San Jose, CA",0.06,0,0,0,0,0,1,0,0,0,0,0,0,0,0,0,0,0,0,0,0,0,0.15,43560,1,0.3,0.85,1000,0.85,750,0.85,375,0.85,1000,330,43,0,0,13068,14190,11058,2622,2622,0.5,32215
216,0,,Industrial High,"Industrial High (SEGA Flex R&D, 1-2 floors)",,0.06,0,0,0,0,0,0,0,0,0,0.01,0,0,0,0.01,0.98,0,0,0,0,0,0,0.1,43560,2,0.39,0.85,1000,0.85,750,0.85,500,0.85,900,330,51,0,0,8494.2,16830,10000,4117.9,4117.9,0.5,33216
217,0,,Industrial High,"Industrial High (SACOG Light Indus, 1-2 floors)","Sacramento, CA",0.06,0,0,0,0,0,0.25,0,0,0,0,0,0,0,0,0.75,0,0,0,0,0,0,0.15,43560,2,0.33,0.85,1000,0.85,750,0.85,300,0.85,700,330,43,0,0,7187.4,14190,15000,3591.3,3591.3,0.5,33217
220,0,,Industrial High,Industrial High (SF Produce Markets),"San Francisco, CA",0.06,0,0,0,0,0,0,0,0,0,0,0,0,0,0,1,0,0,0,0,0,0,0.4,43560,2,0.62,0.85,1000,0.85,750,0.85,350,0.85,800,330,85,0,0,13503.6,28050,0,1003.2,1003.2,0.5,33220
222,0,,Industrial High,Industrial High (Lyons Magnus Plant #1),"Fresno, CA",0.06,0,0,0,0,0,0,0,0,0,0,0,0,0,0,1,0,0,0,0,0,0,0.3,43560,2,0.6,0.85,1000,0.85,750,0.85,350,0.85,800,330,80,0,0,13068,26400,700,1696,1696,0.5,33222
223,0,,Industrial High,"Industrial High (SCAG Light Indus, 1-2 floors)",,0.06,0,0,0,0,0,0,0,0,0,0.01,0,0,0,0.02,0.97,0,0,0,0,0,0,0.05,43560,2,0.5,0.85,1000,0.85,750,0.85,300,0.85,1000,330,65,0,0,10890,21450,10000,610,610,0.5,33223
224,0,,Industrial Low,"Industrial Low (SEGA Heavy Ind, 1-2 floors)",,0.06,0,0,0,0,0,0,0,0,0,0,0,0,0,0,1,0,0,0,0,0,0,0.25,43560,2,0.34,0.85,1000,0.85,750,0.85,400,0.85,1200,330,25,0,0,7405.2,8250,15000,6452.4,6452.4,0.5,34224
225,0,,Industrial Low,"Industrial Low (SACOG Heavy Indus, 1-2 floors)","Sacramento, CA",0.06,0,0,0,0,0,0,0,0,0,0,0,0,0,0,1,0,0,0,0,0,0,0.25,43560,2,0.28,0.85,1000,0.85,750,0.85,400,0.85,900,330,90,0,0,6098.4,29700,6000,880.8,880.8,0.5,34225
226,0,,Industrial Low,Industrial Low (Pacific Business Center),"Fremont, CA",0.06,0,0,0,0,0,0,0,0,0,0,0,0,0,0,1,0,0,0,0,0,0,0.2,43560,1,0.4,0.85,1000,0.85,750,0.85,400,0.85,1250,330,34,0,0,17424,11220,10000,2458,2458,0.5,34226
228,0,,Industrial Low,"Industrial Low (SCAG Heavy Indus, 1-2 floors)",,0.06,0,0,0,0,0,0,0,0,0,0.01,0,0,0,0.01,0.98,0,0,0,0,0,0,0.3,43560,2,0.5,0.85,1000,0.85,750,0.85,400,0.85,1200,330,37,0,0,10890,12210,12000,4230,4230,0.5,34228
229,0,,Warehouse High,Warehouse High (1),"120 11th Street, San Francisco, CA 94103",0.06,0,0,0,0,0,0.15,0,0,0,0,0,0,0,0,0,0.42,0.43,0,0,0,0,0.2,43560,2,1.17,0.85,1000,0.85,750,0.85,300,0.85,1000,330,7,0,0,25482.6,2310,9548.8,932.79,5285.81,0.15,35229
230,0,,Warehouse High,Warehouse High (2),"1360 Egbert, San Francisco, CA 94124",0.06,0,0,0,0,0,0,0,0,0,0,0,0,0,0,0,0.5,0.5,0,0,0,0,0.2,43560,2,1,0.85,1000,0.85,750,0.85,300,0.85,1000,330,6,0,0,21780,1980,13579.83,933.0255,5287.1445,0.15,35230
231,0,,Warehouse High,Warehouse High (3),"300 NW 14th Avenue, Portland, OR 97209",0.06,0,0,0,0,0,0.3,0,0,0,0,0,0,0,0,0,0.35,0.35,0,0,0,0,0.05,43560,2,1.9,0.85,1000,0.85,750,0.85,300,0.85,1000,0,0,0,0,41382,0,2178,0,0,0.15,35231
232,0,,Warehouse High,Warehouse High (Dynagraphics),"Dynagraphics - 2181 NW Nicolai, Portland, OR 97210",0.06,0,0,0,0,0,0.3,0,0,0,0,0,0,0,0,0,0.35,0.35,0,0,0,0,0.05,43560,2,1.2,0.85,1000,0.85,750,0.85,300,0.85,1000,330,28,0,0,26136,9240,7000,177.6,1006.4,0.15,35232
233,0,,Warehouse High,Warehouse High (NW Trunk & Bag Building),"NW Trunk & Bag Building - 522 N Thompson, Portland, OR 97227",0.06,0,0,0,0,0,0,0,0,0,0,0,0,0,0,0,0.5,0.5,0,0,0,0,0.05,43560,2,1.85,0.85,1000,0.85,750,0.85,300,0.85,1000,330,8,0,0,40293,2640,0,94.05,532.95,0.15,35233
234,0,,Warehouse High,Warehouse High (McClaskey Building),"McClaskey Building - 2755 NW 31st Avenue, Portland, OR 97210",0.06,0,0,0,0,0,0,0,0,0,0,0,0,0,0,0,0.5,0.5,0,0,0,0,0.2,43560,2,1.1,0.85,1000,0.85,750,0.85,300,0.85,1000,330,45,0,0,23958,14850,3000,262.8,1489.2,0.15,35234
235,0,,Warehouse High,Warehouse High (5),"525 SE Pine St, Portland, OR 97214",0.06,0,0,0,0,0,0.5,0,0,0,0,0,0,0,0,0,0.25,0.25,0,0,0,0,0.05,43560,2,1.99,0.85,1000,0.85,750,0.85,300,0.85,1000,0,0,0,0,43342.2,0,217.8,0,0,0.15,35235
236,0,,Warehouse High,Warehouse High (6),"111 SE Madison Ave, Portland, OR 97214",0.06,0,0,0,0,0,0.3,0,0,0,0,0,0,0,0,0,0.35,0.35,0,0,0,0,0.05,43560,2,1.75,0.85,1000,0.85,750,0.85,300,0.85,1000,330,15,0,0,38115,4950,0,74.25,420.75,0.15,35236
237,0,,Warehouse High,Warehouse High (WorkSpace),"WorkSpace - 2150 Folsom, San Francisco, CA 94110",0.06,0,0,0,0,0,0,0,0,0,0,0,0,0,0,0,0.5,0.5,0,0,0,0,0.1,43560,2,1.98,0.85,1000,0.85,750,0.85,300,0.85,1000,0,0,0,0,43124.4,0,435.6,0,0,0.15,35237
238,0,,Warehouse High,Warehouse High (7),"1154-1158 Howard Street, San Francisco, CA 94103",0.06,0,0,0,0,0,0,0,0,0,0,0,0,0,0,0,0.5,0.5,0,0,0,0,0.05,43560,2,1.98,0.85,1000,0.85,750,0.85,300,0.85,1000,0,0,0,0,43124.4,0,435.6,0,0,0.15,35238
239,0,,Warehouse Low,Warehouse Low (8),"9040 Carroll Way, San Diego, CA 92121",0.06,0,0,0,0,0,0.15,0,0,0,0,0,0,0,0,0,0.43,0.43,0,0,0,0,0.5,43560,1,0.43,0.85,1000,0.85,750,0.85,400,0.85,1200,330,65,0,0,18730.8,21450,2000,206.88,1172.32,0.15,36239
240,0,,Warehouse Low,Warehouse Low (9),"2003 West Avenue 140th, San Leandro, CA 94577",0.06,0,0,0,0,0,0.1,0,0,0,0,0,0,0,0,0,0.45,0.45,0,0,0,0,0.1,43560,1,0.69,0.85,1000,0.85,750,0.85,400,0.85,1200,330,25,0,0,30056.4,8250,4560.59,103.9515,589.0585,0.15,36240
241,0,,Warehouse Low,Warehouse Low (10),"2300 Cesar Chavez, San Francisco, CA 94124",0.06,0,0,0,0,0,0.1,0,0,0,0,0,0,0,0,0,0.45,0.45,0,0,0,0,0.1,43560,1,0.68,0.85,1000,0.85,750,0.85,400,0.85,1200,330,8,0,0,29620.8,2640,10000,194.88,1104.32,0.15,36241
242,0,,Warehouse Low,Warehouse Low (Proposed IKEA Warehouse),"Emeryville, CA",0.06,0,0,0,0,0,0,0,0,0,0,0,0,0,0,0,0.5,0.5,0,0,0,0,0.3,43560,1,0.45,0.85,1000,0.85,750,0.85,400,0.85,5500,330,60,0,0,19602,19800,3780,56.7,321.3,0.15,36242
243,0,,Hotel High,Hotel High (Four Seasons),"San Francisco, CA",0.07,0,0,0,0,0,0,0,0,0,0,0,1,0,0,0,0,0,0,0,0,0,0.4,43560,40,17,0.85,1000,0.85,550,0.85,300,0.85,1000,330,0,248,0,18513,0,18404.1,3321.45,3321.45,0.5,37243
244,0,,Hotel High,Hotel High (Walt Disney World Dolphin),"Orlando, Fl",0.07,0,0,0,0,0,0.09,0,0,0,0,0,0.91,0,0,0,0,0,0,0,0,0,0.2,43560,15,5,0.85,1000,0.85,550,0.85,350,0.85,1000,330,40,0,0,14520,13200,10626,2607,2607,0.5,37244
245,0,,Hotel High,Hotel High (Sheraton Grand),"Sacramento, CA",0.07,0,0,0,0,0,0,0,0,0,0,0,1,0,0,0,0,0,0,0,0,0,0.4,43560,27,20,0.85,1000,0.85,550,0.85,300,0.85,1000,330,0,87,0,32266.67,0,9115.33,1089.001667,1089.001667,0.5,37245
246,0,,Hotel Low,Hotel Low (Holiday Inn Express),"Truckee, CA",0.07,0,0,0,0,0,0,0,0,0,0,0,1,0,0,0,0,0,0,0,0,0,0.3,43560,3,1,0.85,1000,0.85,550,0.85,400,0.85,1000,330,80,0,0,14520,26400,900,870,870,0.5,38246
247,0,,Hotel Low,Hotel Low (La Quinta Inn),"Redding, CA",0.07,0,0,0,0,0,0,0,0,0,0,0,1,0,0,0,0,0,0,0,0,0,0.4,43560,3,0.3,0.85,1000,0.85,550,0.85,400,0.85,1000,330,100,0,0,4356,33000,2670,1767,1767,0.5,38247
248,0,,Hotel Low,Hotel Low (Holiday Inn),"Woodland Hills, CA",0.07,0,0,0,0,0,0,0,0,0,0,0,1,0,0,0,0,0,0,0,0,0,0.4,43560,4,0.75,0.85,1000,0.85,550,0.85,400,0.85,1000,330,90,0,0,8167.5,29700,1858.5,1917,1917,0.5,38248
249,0,,Regional Mall,"Regional Mall (SEGA General Commerical, 1-2 floors)",,0.06,0,0,0,0,0,0,0,0,0,0.41,0.07,0,0.04,0.48,0,0,0,0,0,0,0,0.1,43560,2,0.55,0.85,1000,0.85,750,0.85,500,0.85,1000,330,85,19,0,11979,28050,3000,265.5,265.5,0.5,39249
250,0,,Regional Mall,"Regional Mall (SACOG 11. Regional Retail, 1-2 floors)",,0.06,0,0,0,0,0,0.05,0,0,0,0.39,0.07,0,0.03,0.46,0,0,0,0,0,0,0,0.1,43560,2,0.65,0.85,1000,0.85,750,0.85,300,0.85,1000,330,70,0,0,14157,23100,5000,651.5,651.5,0.5,39250
251,0,,Regional Mall,Regional Mall (Montclair Plaza),"San Bernardino, CA",0.06,0,0,0,0,0,0,0,0,0,0.41,0.07,0,0.04,0.48,0,0,0,0,0,0,0,0.2,43560,2,0.54,0.85,1000,0.85,750,0.85,300,0.85,1000,330,80,33,0,11761.2,26400,4363.2,517.8,517.8,0.5,39251
252,0,,Regional Mall,Regional Mall (Westfield Galleria),"Roseville, CA",0.06,0,0,0,0,0,0,0,0,0,0.41,0.07,0,0.04,0.48,0,0,0,0,0,0,0,0.25,43560,2,0.67,0.85,1000,0.85,750,0.85,300,0.85,1000,330,80,28,0,14592.6,26400,1000,783.7,783.7,0.5,39252
253,0,,Regional Mall,Regional Mall (Westfield Mission Valley),"San Diego, CA",0.06,0,0,0,0,0,0,0,0,0,0.41,0.07,0,0.04,0.48,0,0,0,0,0,0,0,0.25,43560,1,0.3,0.85,1000,0.85,750,0.85,300,0.85,1000,330,80,20,0,13068,26400,3056.4,517.8,517.8,0.5,39253
254,0.98,,Regional Mall,"Regional Mall (SCAG Regional Mall, 1-2 floors)",,0.06,0,0,0,0,0,0,0,0,0,0.41,0.07,0,0.04,0.48,0,0,0,0,0,0,0,0.1,43560,2,0.35,0.85,1000,0.85,750,0.85,500,0.85,1000,330,60,0,0,7623,19800,12000,2068.5,2068.5,0.5,39254
255,0,,Medium Intensity Strip Commercial,"Med-Intensity Strip Commercial (SACOG 10. Comm/Nhood Retail, 1-2 floors)","Sacramento, CA",0.06,0,0,0,0,0,0,0,0,0,0.41,0.07,0,0.04,0.48,0,0,0,0,0,0,0,0.1,43560,1,0.35,0.85,1000,0.85,750,0.85,300,0.85,1000,330,75,0,0,15246,24750,2136,714,714,0.5,40255
256,0,,Medium Intensity Strip Commercial,Med-Intensity Strip Commercial (Plaza Cienega),"Los Angeles, CA",0.06,0,0,0,0,0,0,0,0,0,0.41,0.07,0,0.05,0.47,0,0,0,0,0,0,0,0.2,43560,1,0.45,0.85,1000,0.99,750,0.85,500,0.85,1000,330,70,28,0,19602,23100,740.8,58.6,58.6,0.5,40256
257,0,,Medium Intensity Strip Commercial,Med-Intensity Strip Commercial (Greenway Plaza),"Yonkers, NY",0.06,0,0,0,0,0,0,0,0,0,0.41,0.07,0,0.1,0.42,0,0,0,0,0,0,0,0.2,43560,2,0.44,0.85,1000,0.88,750,0.85,500,0.85,1000,330,91,39,0,9583.2,30030,252.66,1847.07,1847.07,0.5,40257
258,0,,Medium Intensity Strip Commercial,Med-Intensity Strip Commercial (Tanner Market),"Pasadena, CA",0.06,0,0,0,0,0,0.05,0,0,0,0.39,0.07,0,0.04,0.45,0,0,0,0,0,0,0,0.2,43560,1,0.87,0.85,1000,0.93,750,0.85,500,0.85,1000,330,14,6,0,37897.2,4620,645.12,198.84,198.84,0.5,40258
259,0,,Medium Intensity Strip Commercial,"Med-Intensity Strip Commercial (SCAG Strip Commerical, 1-2 floors)",,0.06,0,0,0,0,0,0.3,0,0,0,0.29,0.04,0,0.03,0.34,0,0,0,0,0,0,0,0.1,43560,2,0.55,0.85,1000,0.85,750,0.85,500,0.85,1000,330,90,0,0,11979,29700,1531.8,174.6,174.6,0.5,40259
260,0,,Medium Intensity Strip Commercial,"Med-Intensity Strip Commercial (Cap Metro Strip Commerical, 1-2 floors)",,0.06,0,0,0,0,0,0.4,0,0,0,0.25,0.04,0,0.02,0.29,0,0,0,0,0,0,0,0.2,43560,2,0.5,0.85,1000,0.85,1000,0.85,500,0.85,1000,330,70,0,0,10890,23100,7314,1128,1128,0.5,40260
261,0,,Low Intensity Strip Commercial,Low Intensity Strip Commercial (Gilroy Crossing),"Gilroy, CA",0.06,0,0,0,0,0,0,0,0,0,0.41,0.07,0,0.04,0.48,0,0,0,0,0,0,0,0.05,43560,2,0.31,0.85,1000,0.85,750,0.85,500,0.85,1000,330,92,0,0,6751.8,30360,2752.2,1848,1848,0.5,41261
262,0,,Low Intensity Strip Commercial,Low Intensity Strip Commercial (Paso Robles Strip Retail),"Paso Robles, CA",0.06,0,0,0,0,0,0,0,0,0,0.41,0.07,0,0.04,0.48,0,0,0,0,0,0,0,0.1,43560,1,0.25,0.85,1000,0.85,750,0.85,500,0.85,1000,330,85,0,0,10890,28050,1941,1339.5,1339.5,0.5,41262
263,0,,Low Intensity Strip Commercial,Low Intensity Strip Commercial (Renaissance Center West),"Las Vegas, NV",0.06,0,0,0,0,0,0.02,0,0,0,0.4,0.06,0,0.26,0.26,0,0,0,0,0,0,0,0.15,43560,1,0.24,0.85,1000,0.99,750,0.99,500,0.85,1000,330,80,0,0,10454.4,26400,5212.62,746.49,746.49,0.5,41263
264,0,,Low Intensity Strip Commercial,Low Intensity Strip Commercial (Mission Viejo Commerce Center),,0.06,0,0,0,0,0,0,0,0,0,0.41,0.07,0,0.04,0.48,0,0,0,0,0,0,0,0.1,43560,1,0.21,0.85,1000,1,750,0.85,500,0.85,1000,330,90,0,0,9147.6,29700,2234.4,1239,1239,0.5,41264
266,0,,Low Intensity Strip Commercial,Low Intensity Strip Commercial (Guernville Rd McDonald's),"Santa Rosa, CA",0.06,0,0,0,0,0,0,0,0,0,0.41,0.07,0,0.04,0.48,0,0,0,0,0,0,0,0.4,43560,1,0.25,0.85,1000,1,750,0.99,500,0.85,1000,330,70,0,0,10890,23100,7314,1128,1128,0.5,41266
267,0,,Low Intensity Strip Commercial,"Low Intensity Strip Commercial (Stanford Ranch, Roseville)","Roseville, CA",0.06,0,0,0,0,0,0,0,0,0,0.41,0.07,0,0.04,0.48,0,0,0,0,0,0,0,0.2,43560,1,0.22,0.85,1000,0.85,750,0.85,500,0.85,1000,330,92,0,0,9583.2,30360,859.8,1378.5,1378.5,0.5,41267
269,0,,Rural Employment,Rural Employment (Occidential Elk Hills Oil Field),,0.03,0,0,0,0,0,0,0,0,0,0,0,0,0,0,0,0,0,0,0,1,0,0.05,20000,1,0,0.85,1000,0.85,750,0.85,500,0.75,2500,0,0,0,0,0,0,0,0,20000,0,42269
272,0,,Rural Employment,Rural Employment (Large Farm),"Watsonville, CA",0.03,3.06,0.01,0,0,0,0,0,0,0,0,0,0,0,0,0,0,0,0,0.99,0,0,0.05,20000,1,0,0.85,1000,0.85,750,0.85,500,0.75,2500,0,0,0,0,0,0,0,400,19600,0.02,42272
273,0,,Rural Employment,Rural Employment (Mid-sized farm 1300x1300),"Manteca, CA",0.03,3.06,0.01,0,0,0,0,0,0,0,0,0,0,0,0,0,0,0,0,0.99,0,0,0.03,20000,1,0,0.85,1000,0.85,750,0.85,500,0.75,2500,0,0,0,0,0,0,0,400,19600,0.02,42273
274,0,,Rural Employment,Rural Employment (Small farm 1300x650),"Modesto, CA",0.03,3.06,0.02,0,0,0,0,0,0,0,0,0,0,0,0,0,0,0,0,0.98,0,0,0.02,20000,1,0,0.85,1000,0.85,750,0.85,500,0.75,2500,0,0,0,0,0,0,0,400,19600,0.02,42274
275,0,,Rural Employment,Rural Employment (Very Small Farm 650x650),"Modesto, CA",0.03,3.06,0.03,0,0,0,0,0,0,0,0,0,0,0,0,0,0,0,0,0.97,0,0,0.01,20000,1,0,0.85,1000,0.85,750,0.85,500,0.75,2500,0,0,0,0,0,0,0,400,19600,0.02,42275
277,0,,Rural Employment,Rural Employment (Very Large Orchard),"Tracy, CA",0.03,0,0,0,0,0,0,0,0,0,0,0,0,0,0,0,0,0,0,1,0,0,0.05,20000,1,0,0.85,1000,0.85,750,0.85,500,0.75,2500,0,0,0,0,0,0,0,400,19600,0.02,42277
278,0,,Rural Employment,Rural Employment (Medium Orchard),"Tracy, CA",0.03,0,0,0,0,0,0,0,0,0,0,0,0,0,0,0,0,0,0,1,0,0,0.03,20000,1,0,0.85,1000,0.85,750,0.85,500,0.75,2500,0,0,0,0,0,0,0,400,19600,0.02,42278
279,0,,Rural Employment,Rural Employment (Small Orchard),"Ojai, CA",0.03,3.06,0.01,0,0,0,0,0,0,0,0,0,0,0,0,0,0,0,0,0.99,0,0,0.02,20000,1,0,0.85,1000,0.85,750,0.85,500,0.75,2500,0,0,0,0,0,0,0,400,19600,0.02,42279
281,0,,Rural Employment,Rural Employment (Large Organic Farm),"Brentwood, CA",0.03,3.06,0.01,0,0,0,0,0,0,0,0,0,0,0,0,0,0,0,0,0.99,0,0,0.03,20000,1,0,0.85,1000,0.85,750,0.85,500,0.75,2500,0,0,0,0,0,0,0,400,19600,0.02,42281
282,0,,Rural Employment,Rural Employment (Medium Organic Farm Live Power Farm),"Covelo, Ca",0.03,3.06,0.02,0,0,0,0,0,0,0,0,0,0,0,0,0,0,0,0,0.98,0,0,0.02,20000,1,0,0.85,1000,0.85,750,0.85,500,0.75,2500,0,0,0,0,0,0,0,400,19600,0.02,42282
283,0,,Rural Employment,Rural Employment (Small Organic Farm Gospel Flat Farm),"Bolinas, CA",0.03,3.06,0.03,0,0,0,0,0,0,0,0,0,0,0,0,0,0,0,0,0.97,0,0,0.01,20000,1,0,0.85,1000,0.85,750,0.85,500,0.75,2500,0,0,0,0,0,0,0,400,19600,0.02,42283
285,0,,Rural Employment,Rural Employment (Livestock Farm Chilleno Valley Ranch),"Petaluma, CA",0.03,0,0,0,0,0,0,0,0,0,0,0,0,0,0,0,0,0,0,1,0,0,0.27,20000,1,0,0.85,1000,0.85,750,0.85,500,0.75,2500,0,0,0,0,0,0,0,1000,19000,0.05,42285
286,0,,Rural Employment,Rural Employment (Harris Ranch Feedlot),,0.03,0,0,0,0,0,0,0,0,0,0,0,0,0,0,0,0,0,0,1,0,0,0.2,20000,1,0,0.85,1000,0.85,750,0.85,500,0.75,2500,0,0,0,0,0,0,0,1000,19000,0.05,42286
288,0,,Rural Employment,Rural Employment (Small Vineyard Martin Stelling Vineyard),,0.03,3.06,0.03,0,0,0,0,0,0,0,0,0,0,0,0,0,0,0,0,0.97,0,0,0.05,20000,1,0,0.85,1000,0.85,750,0.85,500,0.75,2500,0,0,0,0,0,0,1.55,999.9225,18998.5275,0.05,42288
289,0,,Rural Employment,Rural Employment (Medium Vineyward Quintessa Vineyard),,0.03,3.06,0.02,0,0,0,0,0,0,0,0,0,0,0,0,0,0,0,0,0.98,0,0,0.05,20000,1,0,0.85,1000,0.85,750,0.85,500,0.75,2500,0,0,0,0,0,0,1.55,999.9225,18998.5275,0.05,42289
290,0,http://www.argentinevineyardsforsale.com/own.html?adore_category=1,Rural Employment,Rural Employment (Large Vineyard Napa Valley Wine Company),,0.03,3.06,0.01,0,0,0,0,0,0,0,0,0,0,0,0,0,0,0,0,0.99,0,0,0.05,20000,1,0,0.85,1000,0.85,750,0.85,500,0.75,2500,0,0,0,0,0,0,1.55,999.9225,18998.5275,0.05,42290
294,0,,Rural Employment,Rural Employment (Liberty Quarry Proposal),"Temecula, CA",0.03,0,0,0,0,0,0,0,0,0,0,0,0,0,0,0,0,0,0,0,1,0,0.05,20000,1,0,0.85,1000,0.85,750,0.85,500,0.75,2500,0,0,0,0,0,0,1.55,999.9225,18998.5275,0.05,42294
296,0,http://www.mauinews.com/page/content.detail/id/527970.html?nav=10,Rural Employment,Rural Employment (Castle & Cook Resorts Wind Farm Proposal),"Lanai, HI",0.03,0,0,0,0,0,0,0,0,0,0,0,0,0,0,0,0,0,0,0,1,0,0.01,20000,1,0.01,0.85,1000,0.85,750,0.85,500,0.75,2500,0,0,0,0,200,0,5.5,0,19794.5,0,42296
298,0,,Campus/College High,Campus/College High (LA City College),"Los Angeles, CA",0.06,0,0,0,0,0,0,1,0,0,0,0,0,0,0,0,0,0,0,0,0,0,1,43560,3,0.57,0.85,1000,0.85,750,0.85,600,0.85,1000,330,0,64,0,8276.4,0,28749.6,5880.6,653.4,0.9,43298
300,0,,Campus/College Low,Campus/College Low,,0.06,0,0,0,0,0,0,1,0,0,0,0,0,0,0,0,0,0,0,0,0,0,1,43560,2,0.3,0.85,1000,0.85,750,0.85,650,0.85,1000,330,22,0,0,6534,7260,23827.32,5344.812,593.868,0.9,44300
304,0,,Hospital/Civic/Other Institutional,Hospital (Children's Hospital),"Los Angeles, CA",0.02,0,0,0,0,0,0,0,1,0,0,0,0,0,0,0,0,0,0,0,0,0,1,43560,9,7,0.85,1000,0.85,750,0.85,625,0.85,1000,330,0,177,0,33880,0,7502,1960.2,217.8,0.9,45304
307,Moor Ruble Yudell,,Urban Elementary School,Urban Elementary School (Horace Mann ES),"San Jose, CA",0,0,0,0,0,0,0,1,0,0,0,0,0,0,0,0,0,0,0,0,0,0,1,43560,2,0.55,0.85,1000,0.85,1250,0.85,2500,0.85,1000,330,12,0,0,11979,3960,17091,9477,1053,0.9,46307
310,0,,Non-Urban Elementary School,Non-Urban Elementary School,,0,0,0,0,0,0,0,1,0,0,0,0,0,0,0,0,0,0,0,0,0,0,1,43560,1,0.3,0.85,1000,0.85,1250,0.85,2750,0.85,1000,330,4,0,0,13068,1320,7601.22,10785.39,10785.39,0.5,47310
315,0,,Urban Middle School,Urban Middle School (Central Los Angeles Middle School),"Los Angeles, CA",0,0,0,0,0,0,0,1,0,0,0,0,0,0,0,0,0,0,0,0,0,0,1,43560,2,0.5,0.85,1000,0.99,1120,0.85,3000,0.85,1000,0,0,0,0,10890,0,31798.8,784.08,87.12,0.9,48315
316,0,,Non-Urban Middle School,Non-Urban Middle School,,0,0,0,0,0,0,0,1,0,0,0,0,0,0,0,0,0,0,0,0,0,0,1,43560,1,0.25,0.85,1000,0.85,1250,0.85,3750,0.85,1000,330,10,0,0,10890,3300,7890,19332,2148,0.9,49316
320,0,,Urban High School,Urban High School (Berkeley High School),"Berkeley, CA",0,0,0,0,0,0,0,1,0,0,0,0,0,0,0,0,0,0,0,0,0,0,1,43560,3,1,0.85,1000,0.85,1250,0.85,3750,0.85,1000,330,25,0,0,14520,8250,15006,5205.6,578.4,0.9,50320
322,0,,Non-Urban High School,Non-Urban High School,,0,0,0,0,0,0,0,1,0,0,0,0,0,0,0,0,0,0,0,0,0,0,1,43560,1,0.25,0.85,1000,0.85,1250,0.85,5000,0.85,1000,330,50,0,0,10890,16500,2424,8247.6,5498.4,0.6,51322
326,0,,Urban City Hall,"Urban City Hall (Oakland City Hall, Oakland, CA)","Oakland, CA",0.06,0,0,0,0,0,1,0,0,0,0,0,0,0,0,0,0,0,0,0,0,0,0.2,43560,12,9.5,0.85,1000,0.85,750,0.85,375,0.85,1000,0,0,0,0,34485,0,6895,1090,1090,0.5,52326
327,0,,Urban City Hall,Urban City Hall (Long Beach City Hall and Civic Center),"Long Beach, CA",0.06,0,0,0,0,0,1,0,0,0,0,0,0,0,0,0,0,0,0,0,0,0,0.8,43560,2,1,0.85,1000,0.85,750,0.85,450,0.85,1000,330,45,0,0,21780,14850,3924,1503,1503,0.5,52327
329,0,,Urban Public Library,Urban Public Library (Oakland Public Library),"Oakland, CA",0.06,0,0,0,0,0,0,0,0,1,0,0,0,0,0,0,0,0,0,0,0,0,1,43560,2,1.4,0.85,1000,0.85,750,0.85,375,0.85,1000,330,10,0,0,30492,3300,3534,4987.2,1246.8,0.8,53329
332,0,,Urban Courthouse,Urban Courthouse (Rene C. Davidson Courthouse),"Oakland, CA",0.06,0,0,0,0,0,0,0,0,1,0,0,0,0,0,0,0,0,0,0,0,0,0.4,43560,5,4.5,0.85,1000,0.85,750,0.85,375,0.85,1000,0,0,0,0,39204,0,2167.12,1094.44,1094.44,0.5,54332
333,0,,Urban Courthouse,Urban Courthouse (Long Beach Superior Court),"Long Beach, CA",0.06,0,0,0,0,0,0,0,0,1,0,0,0,0,0,0,0,0,0,0,0,0,0.6,43560,10,9,0.85,1000,0.85,750,0.85,450,0.85,1000,0,0,0,0,39204,0,2175.01,1090.495,1090.495,0.5,54333
334,0,,Urban Convention Center,Urban Convention Center (Oakland Convention Center),"Oakland, CA",0.06,0,0,0,0,0,0,0,0,0.9,0.04,0.01,0,0,0.05,0,0,0,0,0,0,0,0.75,43560,3,2.8,0.85,1000,0.85,750,0.85,450,0.85,1000,0,0,0,0,40656,0,2021.69,441.155,441.155,0.5,55334
335,0,,Urban Convention Center,Urban Convention Center (Long Beach Convention and Entertainment Center),"Long Beach, CA",0.06,0,0,0,0,0,0,0,0,0.8,0.08,0.01,0,0.01,0.1,0,0,0,0,0,0,0,0.25,43560,3,0.95,0.85,1000,0.85,750,0.85,375,0.85,1000,330,75,0,0,13794,24750,732,1713.6,2570.4,0.4,55335
337,0,,Suburban Civic Complex,"Suburban Civic Complex (City Hall, Library, Rec Center)","Menlo Park, CA",0.06,0,0,0,0,0,0,0,0,1,0,0,0,0,0,0,0,0,0,0,0,0,0.4,43560,3,0.4,0.85,1000,0.85,750,0.85,450,0.85,1000,330,85,0,0,5808,28050,3540,5545.8,616.2,0.9,56337
338,0,,Suburban Civic Complex,"Suburban Civic Complex (Police Station, Community Services)","Walnut, CA",0.06,0,0,0,0,0,0,0,0,1,0,0,0,0,0,0,0,0,0,0,0,0,0.3,43560,3,0.4,0.85,1000,0.85,750,0.85,375,0.85,1000,330,105,0,0,5808,34650,2574,264,264,0.5,56338
339,0,,Suburban Civic Complex,"Suburban Civic Complex (City Hall, Library, Gym and Teen Center)","Walnut, CA",0.06,0,0,0,0,0,0,0,0,1,0,0,0,0,0,0,0,0,0,0,0,0,0.3,43560,2,0.7,0.85,1000,0.85,750,0.85,450,0.85,1000,330,70,0,0,15246,23100,2958,1128,1128,0.5,56339
341,0,,Town Civic Complex,"Town Civic Complex (City Hall, Police Dept)","St. Helena, CA",0.06,0,0,0,0,0,0,0,0,1,0,0,0,0,0,0,0,0,0,0,0,0,0.5,43560,2,1,0.85,1000,0.85,750,0.85,375,0.85,1000,330,50,0,0,21780,16500,2424,1428,1428,0.5,57341
342,0,,Town Civic Complex,"Town Civic Complex (City Hall, Police and Fire Dept)","Bishop, CA",0.06,0,0,0,0,0,0,0,0,1,0,0,0,0,0,0,0,0,0,0,0,0,0.5,43560,2,0.9,0.85,1000,0.85,750,0.85,450,0.85,1000,330,40,0,0,19602,13200,9780,489,489,0.5,57342
345,0,,Town/Branch Library,Town Library (St Helena Public Library),"St. Helena, CA",0.06,0,0,0,0,0,0,0,0,1,0,0,0,0,0,0,0,0,0,0,0,0,0.5,43560,1,0.5,0.85,1000,0.85,750,0.85,375,0.85,1000,330,30,0,0,21780,9900,4068,3906,3906,0.5,58345
346,0,,Town/Branch Library,Town Library (Bishop Branch Library),"Bishop, CA",0.06,0,0,0,0,0,0,0,0,1,0,0,0,0,0,0,0,0,0,0,0,0,0.5,43560,2,1.6,0.85,1000,0.85,750,0.85,450,0.85,1000,330,6,0,0,34848,1980,6040.8,345.6,345.6,0.5,58346
349,0,,Church,Church 1,,0.06,0,0,0,0,0,0.95,0,0,0,0,0,0,0,0.05,0,0,0,0,0,0,0,0.5,43560,2,0.55,0.85,1000,0.85,750,0.85,375,0.85,1000,330,80,0,0,11979,26400,1047,2067,2067,0.5,59349
350,0,,Church,Church 2,,0.06,0,0,0,0,0,0.95,0,0,0,0,0,0,0,0.05,0,0,0,0,0,0,0,0.5,43560,1,0.64,0.85,1000,0.85,750,0.85,450,0.85,1000,330,45,0,0,27878.4,14850,3.6,414,414,0.5,59350
351,0,,Detention/Utilities,Detention/Utilities,,0,0,0,0,0,0,0,0,0,0,0,0,0,0,0,0,0,0,0,0,0,0,0,0,0,0,0,0,0,0,0,0,0,0,0,0,0,0,0,0,0,0,0,0,59351
352,0,,Park,Park,,0,0,0,0,0,0,0,0,0,0,0,0,0,0,0,0,0,0,0,0,0,0,0,0,0,0,0,0,0,0,0,0,0,0,0,0,0,0,0,0,0,0,0,0,59352
353,0,,Streets,Streets,,0,0,0,0,0,0,0,0,0,0,0,0,0,0,0,0,0,0,0,0,0,0,0,0,0,0,0,0,0,0,0,0,0,0,0,0,0,0,0,0,0,0,0,0,59353
354,0,,Urban K-12 School,Urban K-12 School,"Berkeley, CA",0,0,0,0,0,0,0,1,0,0,0,0,0,0,0,0,0,0,0,0,0,0,1,43560,3,1,0.85,1000,0.85,1250,0.85,3750,0.85,1000,330,25,0,0,14520,8250,15006,5205.6,578.4,0.9,59354
355,0,,Non-Urban K-12 School,Non-Urban K-12 School,,0,0,0,0,0,0,0,1,0,0,0,0,0,0,0,0,0,0,0,0,0,0,1,43560,1,0.3,0.85,1000,0.85,1250,0.85,2750,0.85,1000,330,4,0,0,13068,1320,7601.22,10785.39,10785.39,0.5,59355
356,0,,Military,Military,,0,0,0,0,0,0,0,0,0,0,0,0,0,0,0,0,0,0,0,0,0,1,1,43560,3,1,0.85,1000,0.85,1250,0.85,3750,0.85,1000,330,25,0,0,14520,8250,15006,5205.6,578.4,0.9,59354
357,0,,Blank,Blank,,0,0,0,0,0,0,0,0,0,0,0,0,0,0,0,0,0,0,0,0,0,0,0,0,0,0,0,0,0,0,0,0,0,0,0,0,0,0,0,0,0,0,0,0,59359
